{"cameraMode":{"drawMode":0,"name":"Shaded","section":"Shading Mode"},"sceneLighting":true,"audioPlay":false,"sceneViewState":{"m_AlwaysRefresh":false,"showFog":true,"showSkybox":true,"showFlares":true,"showImageEffects":true,"showParticleSystems":true,"showVisualEffectGraphs":true,"m_FxEnabled":true},"in2DMode":false,"pivot":{"x":-1.391724944114685,"y":3.314361333847046,"z":-5.426523208618164},"rotation":{"x":-0.08271116018295288,"y":-0.012228922918438912,"z":0.0010147778084501625,"w":-0.9965276718139648},"size":3.4551568031311037,"orthographic":true}