{"cameraMode":{"drawMode":0,"name":"Shaded","section":"Shading Mode"},"sceneLighting":true,"audioPlay":false,"sceneViewState":{"m_AlwaysRefresh":false,"showFog":true,"showSkybox":true,"showFlares":true,"showImageEffects":true,"showParticleSystems":true,"showVisualEffectGraphs":true,"m_FxEnabled":true},"in2DMode":false,"pivot":{"x":2.5895843505859377,"y":9.250307083129883,"z":11.90919303894043},"rotation":{"x":0.4492240250110626,"y":-0.004021337255835533,"z":0.0020195378456264736,"w":0.8934147357940674},"size":5.7249321937561039,"orthographic":true}